No,레포지토리_이름,GitHub_URL,분류,용도,개발_목적,주로_사용한_언어,주요_키워드,분석_근거
1,furiosa-sdk,https://github.com/furiosa-ai/furiosa-sdk,Furiosa 공식 SDK·운영 도구,FuriosaAI SDK,Furiosa NPU 개발자가 런타임·컴파일러·도구를 Python 중심으로 사용할 수 있게 제공,Python,FuriosaAI; NPU; SDK; RNGD/Warboy,GitHub 목록/설명 확인
2,ParallelBench,https://github.com/furiosa-ai/ParallelBench,연구 코드·논문 재현,ParallelBench 연구 코드,Diffusion LLM 병렬 디코딩의 성능·품질 trade-off 분석,Python,research; paper; benchmark; reproducibility; AI,GitHub 목록/설명 확인
3,eta-inversion,https://github.com/furiosa-ai/eta-inversion,시스템 라이브러리·Rust/C/C++ 의존성,Eta Inversion 연구 구현,Diffusion 기반 실제 이미지 편집에서 eta 함수 최적화 연구 재현,Python,Rust; systems; binding; performance; low-level,GitHub 목록/설명 확인
4,ssm-peft,https://github.com/furiosa-ai/ssm-peft,연구 코드·논문 재현,State Space Model PEFT 연구,SSM 계열 모델의 파라미터 효율적 미세조정 기법 검증,Jupyter Notebook,research; paper; benchmark; reproducibility; AI; ssm; peft,GitHub 목록/설명 확인
5,draft-based-approx-llm,https://github.com/furiosa-ai/draft-based-approx-llm,LLM 추론·압축·평가,Draft-based approximate LLM inference,LLM 추론 가속을 위한 draft 기반 근사 추론 연구 구현,Python,LLM; inference; serving; quantization; benchmark,GitHub 목록/설명 확인
6,onnxrt,https://github.com/furiosa-ai/onnxrt,AI 런타임·프레임워크 연동,ONNX Runtime Rust binding,ONNX Runtime C API를 Rust에서 사용하기 위한 바인딩,Rust,runtime; compiler; ONNX; PyTorch/TensorFlow; MLIR; onnx,GitHub 목록/설명 확인
7,uncage,https://github.com/furiosa-ai/uncage,기타·확인 필요,확인 필요,저장소명만으로 용도 식별이 제한되어 README 확인 필요,Python,,저장소명·일반 upstream 특성 기반 추정
8,furiosa-models,https://github.com/furiosa-ai/furiosa-models,Furiosa 공식 SDK·운영 도구,Furiosa NPU용 모델 예제·변환 자산,"모델 변환, 컴파일, 실행 검증을 위한 기준 모델을 제공",Python,FuriosaAI; NPU; SDK; RNGD/Warboy,GitHub 목록/설명 확인
9,warboy-vision-models,https://github.com/furiosa-ai/warboy-vision-models,비전·응용 데모·RAG,Warboy NPU 비전 모델,Warboy 세대 NPU에서 비전 모델을 실행·검증하기 위한 샘플 모델 관리,Python,computer-vision; object-detection; demo; application,GitHub 목록/설명 확인
10,counting-guidance,https://github.com/furiosa-ai/counting-guidance,연구 코드·논문 재현,AI 연구 코드,"논문 기법 재현, 성능 비교, 신규 추론/학습 방법 검증",Python,research; paper; benchmark; reproducibility; AI,저장소명·일반 upstream 특성 기반 추정
11,ssm-state-tuning,https://github.com/furiosa-ai/ssm-state-tuning,연구 코드·논문 재현,AI 연구 코드,"논문 기법 재현, 성능 비교, 신규 추론/학습 방법 검증",Python,research; paper; benchmark; reproducibility; AI; ssm,저장소명·일반 upstream 특성 기반 추정
12,EfficientRollout,https://github.com/furiosa-ai/EfficientRollout,연구 코드·논문 재현,EfficientRollout 연구 코드,RL rollout에서 self-speculative decoding을 시스템 관점으로 최적화,Python,research; paper; benchmark; reproducibility; AI,GitHub 목록/설명 확인
13,async-opd,https://github.com/furiosa-ai/async-opd,기타·확인 필요,확인 필요,저장소명만으로 용도 식별이 제한되어 README 확인 필요,Python,,GitHub 목록/설명 확인
14,TABED,https://github.com/furiosa-ai/TABED,연구 코드·논문 재현,AI 연구 코드,"논문 기법 재현, 성능 비교, 신규 추론/학습 방법 검증",Python,research; paper; benchmark; reproducibility; AI,저장소명·일반 upstream 특성 기반 추정
15,furiosa-apps,https://github.com/furiosa-ai/furiosa-apps,Furiosa 공식 SDK·운영 도구,Furiosa Reference Applications,Furiosa NPU 기반 레퍼런스 애플리케이션과 배포 예제를 제공,Python,FuriosaAI; NPU; SDK; RNGD/Warboy,GitHub 목록/설명 확인
16,furiosa-opt,https://github.com/furiosa-ai/furiosa-opt,Furiosa 공식 SDK·운영 도구,Furiosa 최적화/컴파일 관련 도구,NPU 실행 성능 최적화와 내부 도구 체계를 Rust 기반으로 구현,Rust,FuriosaAI; NPU; SDK; RNGD/Warboy,GitHub 목록/설명 확인
17,cocotbext-fcov,https://github.com/furiosa-ai/cocotbext-fcov,하드웨어 설계·검증,Functional coverage extension for cocotb,Python 기반 하드웨어 검증 coverage 수집,Python,hardware-verification; RISC-V; DV; coverage; simulation,GitHub 목록/설명 확인
18,dot-viewer,https://github.com/furiosa-ai/dot-viewer,기타·확인 필요,확인 필요,저장소명만으로 용도 식별이 제한되어 README 확인 필요,확인 필요,,저장소명·일반 upstream 특성 기반 추정
19,device-api,https://github.com/furiosa-ai/device-api,Furiosa 공식 SDK·운영 도구,Furiosa NPU 공식 구성요소,Furiosa NPU 소프트웨어 스택의 개발·배포·운영 지원,확인 필요,FuriosaAI; NPU; SDK; RNGD/Warboy,저장소명·일반 upstream 특성 기반 추정
20,multi_npu_demo,https://github.com/furiosa-ai/multi_npu_demo,기타·확인 필요,Multi-NPU demo,복수 NPU 구성에서 추론 워크로드 분산·데모 검증,Python,,GitHub 목록/설명 확인
21,helm-charts,https://github.com/furiosa-ai/helm-charts,Furiosa 공식 SDK·운영 도구,Helm charts,Kubernetes 기반 Furiosa 구성요소 설치 자동화,Go Template,FuriosaAI; NPU; SDK; RNGD/Warboy; helm,GitHub 목록/설명 확인
22,libfuriosa-kubernetes,https://github.com/furiosa-ai/libfuriosa-kubernetes,Furiosa 공식 SDK·운영 도구,Furiosa NPU Kubernetes stack library,Kubernetes 환경에서 Furiosa NPU 리소스를 관리하기 위한 공통 라이브러리 제공,Go,FuriosaAI; NPU; SDK; RNGD/Warboy; kubernetes,GitHub 목록/설명 확인
23,furiosa-client,https://github.com/furiosa-ai/furiosa-client,Furiosa 공식 SDK·운영 도구,Furiosa client library,Furiosa 서비스·런타임과 연동하는 클라이언트 기능 제공,Python,FuriosaAI; NPU; SDK; RNGD/Warboy,GitHub 목록/설명 확인
24,mlperf-postprocess,https://github.com/furiosa-ai/mlperf-postprocess,기타·확인 필요,MLPerf post-processing,MLPerf 결과 후처리와 성능 제출/분석 자동화,Python,mlperf,GitHub 목록/설명 확인
25,torch-fx-rs,https://github.com/furiosa-ai/torch-fx-rs,AI 런타임·프레임워크 연동,AI 프레임워크/런타임 연동,"ONNX, TensorFlow, PyTorch, MLIR 등 주요 AI 생태계와 NPU 컴파일·런타임 경로 연결",Rust,runtime; compiler; ONNX; PyTorch/TensorFlow; MLIR,저장소명·일반 upstream 특성 기반 추정
26,tokio-uring,https://github.com/furiosa-ai/tokio-uring,시스템 라이브러리·Rust/C/C++ 의존성,시스템 라이브러리·저수준 의존성,"컴파일러, 런타임, 바인딩, 성능 측정, 디버깅에 필요한 기반 라이브러리 수정·검증",Rust,Rust; systems; binding; performance; low-level,저장소명·일반 upstream 특성 기반 추정
27,dvcon2024-functional-coverage-closure-with-python,https://github.com/furiosa-ai/dvcon2024-functional-coverage-closure-with-python,하드웨어 설계·검증,DVCon 2024 coverage tutorial/code,Python 기반 functional coverage closure 사례 재현,Python,hardware-verification; RISC-V; DV; coverage; simulation; rag,GitHub 목록/설명 확인
28,furiosa-smi-go,https://github.com/furiosa-ai/furiosa-smi-go,Furiosa 공식 SDK·운영 도구,Furiosa SMI Go binding/tooling,NPU 상태 조회와 운영 자동화를 Go 환경에서 지원,Go,FuriosaAI; NPU; SDK; RNGD/Warboy,GitHub 목록/설명 확인
29,vllm,https://github.com/furiosa-ai/vllm,LLM 추론·압축·평가,vLLM fork,LLM serving/NPU 연동/성능 실험을 위한 upstream 기반 작업,Python,LLM; inference; serving; quantization; benchmark; vllm,GitHub 목록/설명 확인
30,IbED,https://github.com/furiosa-ai/IbED,연구 코드·논문 재현,AI 연구 코드,"논문 기법 재현, 성능 비교, 신규 추론/학습 방법 검증",Python,research; paper; benchmark; reproducibility; AI,저장소명·일반 upstream 특성 기반 추정
31,furiosa-perf,https://github.com/furiosa-ai/furiosa-perf,Furiosa 공식 SDK·운영 도구,Furiosa 성능 측정 도구,NPU 추론 처리량·지연시간·성능 회귀를 측정,Python,FuriosaAI; NPU; SDK; RNGD/Warboy,GitHub 목록/설명 확인
32,furiosa-feature-discovery,https://github.com/furiosa-ai/furiosa-feature-discovery,Furiosa 공식 SDK·운영 도구,NPU feature discovery,노드의 NPU 기능·속성을 탐지해 Kubernetes 스케줄링/운영에 활용,Rust,FuriosaAI; NPU; SDK; RNGD/Warboy,GitHub 목록/설명 확인
33,tract,https://github.com/furiosa-ai/tract,AI 런타임·프레임워크 연동,ONNX/TensorFlow inference toolkit fork,경량 추론·모델 파싱 경로 실험,Rust,runtime; compiler; ONNX; PyTorch/TensorFlow; MLIR,GitHub 목록/설명 확인
34,onnxrt-sys,https://github.com/furiosa-ai/onnxrt-sys,AI 런타임·프레임워크 연동,AI 프레임워크/런타임 연동,"ONNX, TensorFlow, PyTorch, MLIR 등 주요 AI 생태계와 NPU 컴파일·런타임 경로 연결",Rust,runtime; compiler; ONNX; PyTorch/TensorFlow; MLIR; onnx,저장소명·일반 upstream 특성 기반 추정
35,dot-graph,https://github.com/furiosa-ai/dot-graph,기타·확인 필요,확인 필요,저장소명만으로 용도 식별이 제한되어 README 확인 필요,Rust,,저장소명·일반 upstream 특성 기반 추정
36,agent_skills,https://github.com/furiosa-ai/agent_skills,기타·확인 필요,확인 필요,저장소명만으로 용도 식별이 제한되어 README 확인 필요,Python,,저장소명·일반 upstream 특성 기반 추정
37,onnxruntime,https://github.com/furiosa-ai/onnxruntime,AI 런타임·프레임워크 연동,ONNX Runtime fork,NPU/런타임 연동을 위한 ONNX Runtime 수정·검증,C++,runtime; compiler; ONNX; PyTorch/TensorFlow; MLIR; onnx,GitHub 목록/설명 확인
38,furiosa-cli,https://github.com/furiosa-ai/furiosa-cli,Furiosa 공식 SDK·운영 도구,Furiosa CLI,개발·운영자가 커맨드라인에서 장치/런타임/모델 관련 작업을 수행,Python,FuriosaAI; NPU; SDK; RNGD/Warboy,GitHub 목록/설명 확인
39,smart-cctv-demo,https://github.com/furiosa-ai/smart-cctv-demo,비전·응용 데모·RAG,Smart CCTV demo,NPU 기반 영상 분석/객체탐지 레퍼런스 데모,Python,computer-vision; object-detection; demo; application,GitHub 목록/설명 확인
40,furiosa-ai.github.io,https://github.com/furiosa-ai/furiosa-ai.github.io,Furiosa 공식 SDK·운영 도구,GitHub Pages site,문서·기술 페이지 공개를 위한 정적 웹사이트,HTML,FuriosaAI; NPU; SDK; RNGD/Warboy,GitHub 목록/설명 확인
41,yolov5s,https://github.com/furiosa-ai/yolov5s,비전·응용 데모·RAG,YOLOv5s model fork,경량 객체탐지 모델 최적화·검증,Python,computer-vision; object-detection; demo; application; yolo,GitHub 목록/설명 확인
42,furiosa-device-plugin,https://github.com/furiosa-ai/furiosa-device-plugin,Furiosa 공식 SDK·운영 도구,Kubernetes device plugin,클러스터에서 Furiosa NPU를 스케줄링 가능한 장치 리소스로 노출,Go,FuriosaAI; NPU; SDK; RNGD/Warboy,GitHub 목록/설명 확인
43,vllm-compression-part,https://github.com/furiosa-ai/vllm-compression-part,LLM 추론·압축·평가,vLLM compression integration fork,고성능 LLM serving 엔진에 압축/양자화 실험을 통합,Python,LLM; inference; serving; quantization; benchmark; vllm,GitHub 목록/설명 확인
44,inference-compression,https://github.com/furiosa-ai/inference-compression,LLM 추론·압축·평가,LLM 추론/평가/압축 관련 저장소,대형언어모델을 Furiosa NPU 또는 비교 환경에서 실행·최적화·평가하기 위한 기반 확보,Python,LLM; inference; serving; quantization; benchmark,저장소명·일반 upstream 특성 기반 추정
45,furiosa-dra-driver-guide,https://github.com/furiosa-ai/furiosa-dra-driver-guide,Furiosa 공식 SDK·운영 도구,DRA driver guide,드라이버 설치·운영 절차를 문서화,HTML/Markdown,FuriosaAI; NPU; SDK; RNGD/Warboy,저장소명·일반 upstream 특성 기반 추정
46,tokio-rdma,https://github.com/furiosa-ai/tokio-rdma,시스템 라이브러리·Rust/C/C++ 의존성,시스템 라이브러리·저수준 의존성,"컴파일러, 런타임, 바인딩, 성능 측정, 디버깅에 필요한 기반 라이브러리 수정·검증",Rust,Rust; systems; binding; performance; low-level; rdma,저장소명·일반 upstream 특성 기반 추정
47,unicorn,https://github.com/furiosa-ai/unicorn,시스템 라이브러리·Rust/C/C++ 의존성,시스템 라이브러리·저수준 의존성,"컴파일러, 런타임, 바인딩, 성능 측정, 디버깅에 필요한 기반 라이브러리 수정·검증",C,Rust; systems; binding; performance; low-level,GitHub 목록/설명 확인
48,tch-rs,https://github.com/furiosa-ai/tch-rs,AI 런타임·프레임워크 연동,AI 프레임워크/런타임 연동,"ONNX, TensorFlow, PyTorch, MLIR 등 주요 AI 생태계와 NPU 컴파일·런타임 경로 연결",Rust,runtime; compiler; ONNX; PyTorch/TensorFlow; MLIR,GitHub 목록/설명 확인
49,furiosa-version,https://github.com/furiosa-ai/furiosa-version,Furiosa 공식 SDK·운영 도구,Furiosa NPU 공식 구성요소,Furiosa NPU 소프트웨어 스택의 개발·배포·운영 지원,Rust,FuriosaAI; NPU; SDK; RNGD/Warboy,저장소명·일반 upstream 특성 기반 추정
50,chrometracer,https://github.com/furiosa-ai/chrometracer,기타·확인 필요,확인 필요,저장소명만으로 용도 식별이 제한되어 README 확인 필요,Rust,,GitHub 목록/설명 확인
51,yolov5-demo,https://github.com/furiosa-ai/yolov5-demo,비전·응용 데모·RAG,YOLOv5 demo,YOLO 객체탐지 모델의 Furiosa 실행 예제 제공,Python,computer-vision; object-detection; demo; application; yolo,GitHub 목록/설명 확인
52,makefile-modifier,https://github.com/furiosa-ai/makefile-modifier,기타·확인 필요,확인 필요,저장소명만으로 용도 식별이 제한되어 README 확인 필요,Python,,저장소명·일반 upstream 특성 기반 추정
53,simple-evals,https://github.com/furiosa-ai/simple-evals,LLM 추론·압축·평가,Simple model evaluations,기초 LLM 평가 스크립트와 회귀 검증,Python,LLM; inference; serving; quantization; benchmark,GitHub 목록/설명 확인
54,kotaemon,https://github.com/furiosa-ai/kotaemon,비전·응용 데모·RAG,RAG document chat tool,문서 기반 질의응답/RAG 애플리케이션 검증과 레퍼런스 확보,Python,computer-vision; object-detection; demo; application,GitHub 목록/설명 확인
55,ndarray-npy,https://github.com/furiosa-ai/ndarray-npy,시스템 라이브러리·Rust/C/C++ 의존성,시스템 라이브러리·저수준 의존성,"컴파일러, 런타임, 바인딩, 성능 측정, 디버깅에 필요한 기반 라이브러리 수정·검증",Rust,Rust; systems; binding; performance; low-level,저장소명·일반 upstream 특성 기반 추정
56,bit-set,https://github.com/furiosa-ai/bit-set,시스템 라이브러리·Rust/C/C++ 의존성,시스템 라이브러리·저수준 의존성,"컴파일러, 런타임, 바인딩, 성능 측정, 디버깅에 필요한 기반 라이브러리 수정·검증",Rust,Rust; systems; binding; performance; low-level,저장소명·일반 upstream 특성 기반 추정
57,serde-lite,https://github.com/furiosa-ai/serde-lite,시스템 라이브러리·Rust/C/C++ 의존성,시스템 라이브러리·저수준 의존성,"컴파일러, 런타임, 바인딩, 성능 측정, 디버깅에 필요한 기반 라이브러리 수정·검증",Rust,Rust; systems; binding; performance; low-level,저장소명·일반 upstream 특성 기반 추정
58,Qwen3,https://github.com/furiosa-ai/Qwen3,LLM 추론·압축·평가,Qwen3 model code fork,Qwen 계열 모델 실행·평가·최적화 검증,Python,LLM; inference; serving; quantization; benchmark; qwen,GitHub 목록/설명 확인
59,onnxruntime-rs,https://github.com/furiosa-ai/onnxruntime-rs,AI 런타임·프레임워크 연동,AI 프레임워크/런타임 연동,"ONNX, TensorFlow, PyTorch, MLIR 등 주요 AI 생태계와 NPU 컴파일·런타임 경로 연결",Rust,runtime; compiler; ONNX; PyTorch/TensorFlow; MLIR; onnx,저장소명·일반 upstream 특성 기반 추정
60,yolov7,https://github.com/furiosa-ai/yolov7,비전·응용 데모·RAG,YOLOv7 fork,객체탐지 모델 성능 비교와 NPU 호환성 실험,Python,computer-vision; object-detection; demo; application; yolo,GitHub 목록/설명 확인
61,lm-evaluation-harness,https://github.com/furiosa-ai/lm-evaluation-harness,LLM 추론·압축·평가,Language model evaluation harness fork,LLM 정량 평가 자동화,Python,LLM; inference; serving; quantization; benchmark,GitHub 목록/설명 확인
62,maturin,https://github.com/furiosa-ai/maturin,시스템 라이브러리·Rust/C/C++ 의존성,시스템 라이브러리·저수준 의존성,"컴파일러, 런타임, 바인딩, 성능 측정, 디버깅에 필요한 기반 라이브러리 수정·검증",Rust,Rust; systems; binding; performance; low-level,저장소명·일반 upstream 특성 기반 추정
63,mlperf-log-parser,https://github.com/furiosa-ai/mlperf-log-parser,시스템 라이브러리·Rust/C/C++ 의존성,MLPerf log parser,벤치마크 로그 파싱과 결과 분석 자동화,Python,Rust; systems; binding; performance; low-level; mlperf,GitHub 목록/설명 확인
64,riscv-isa-sim,https://github.com/furiosa-ai/riscv-isa-sim,하드웨어 설계·검증,RISC-V ISA simulator fork,RISC-V 명령어 시뮬레이션과 검증,C++,hardware-verification; RISC-V; DV; coverage; simulation; riscv,GitHub 목록/설명 확인
65,opencv,https://github.com/furiosa-ai/opencv,비전·응용 데모·RAG,OpenCV fork,영상 전처리·컴퓨터비전 라이브러리 연동,C++,computer-vision; object-detection; demo; application,GitHub 목록/설명 확인
66,tflite-rs,https://github.com/furiosa-ai/tflite-rs,AI 런타임·프레임워크 연동,AI 프레임워크/런타임 연동,"ONNX, TensorFlow, PyTorch, MLIR 등 주요 AI 생태계와 NPU 컴파일·런타임 경로 연결",Rust,runtime; compiler; ONNX; PyTorch/TensorFlow; MLIR,저장소명·일반 upstream 특성 기반 추정
67,yolov5m,https://github.com/furiosa-ai/yolov5m,비전·응용 데모·RAG,YOLOv5m model fork,중간 규모 객체탐지 모델 최적화·검증,Python,computer-vision; object-detection; demo; application; yolo,GitHub 목록/설명 확인
68,gorilla,https://github.com/furiosa-ai/gorilla,기타·확인 필요,확인 필요,저장소명만으로 용도 식별이 제한되어 README 확인 필요,Python,,저장소명·일반 upstream 특성 기반 추정
69,systemc,https://github.com/furiosa-ai/systemc,하드웨어 설계·검증,SystemC fork,시스템 수준 하드웨어 모델링/시뮬레이션,C++,hardware-verification; RISC-V; DV; coverage; simulation,GitHub 목록/설명 확인
70,eyre,https://github.com/furiosa-ai/eyre,시스템 라이브러리·Rust/C/C++ 의존성,시스템 라이브러리·저수준 의존성,"컴파일러, 런타임, 바인딩, 성능 측정, 디버깅에 필요한 기반 라이브러리 수정·검증",Rust,Rust; systems; binding; performance; low-level,저장소명·일반 upstream 특성 기반 추정
71,onnx-mlir,https://github.com/furiosa-ai/onnx-mlir,AI 런타임·프레임워크 연동,ONNX-MLIR fork,ONNX 모델 컴파일러 경로와 MLIR 기반 변환 검증,C++,runtime; compiler; ONNX; PyTorch/TensorFlow; MLIR; onnx,GitHub 목록/설명 확인
72,pyvsc,https://github.com/furiosa-ai/pyvsc,하드웨어 설계·검증,Python verification stimulus/coverage,하드웨어 검증용 constraint random·coverage 지원,Python,hardware-verification; RISC-V; DV; coverage; simulation,GitHub 목록/설명 확인
73,llm-compressor-compression-part,https://github.com/furiosa-ai/llm-compressor-compression-part,LLM 추론·압축·평가,LLM compression library fork,vLLM 배포 최적화를 위한 LLM 압축·양자화 알고리즘 적용,Python,LLM; inference; serving; quantization; benchmark,GitHub 목록/설명 확인
74,ndarray-linalg,https://github.com/furiosa-ai/ndarray-linalg,시스템 라이브러리·Rust/C/C++ 의존성,시스템 라이브러리·저수준 의존성,"컴파일러, 런타임, 바인딩, 성능 측정, 디버깅에 필요한 기반 라이브러리 수정·검증",Rust,Rust; systems; binding; performance; low-level,저장소명·일반 upstream 특성 기반 추정
75,furiosa-client-python,https://github.com/furiosa-ai/furiosa-client-python,Furiosa 공식 SDK·운영 도구,Python client,Python 환경에서 Furiosa API/서비스 접근을 단순화,Python,FuriosaAI; NPU; SDK; RNGD/Warboy,GitHub 목록/설명 확인
76,color-eyre,https://github.com/furiosa-ai/color-eyre,시스템 라이브러리·Rust/C/C++ 의존성,시스템 라이브러리·저수준 의존성,"컴파일러, 런타임, 바인딩, 성능 측정, 디버깅에 필요한 기반 라이브러리 수정·검증",Rust,Rust; systems; binding; performance; low-level,저장소명·일반 upstream 특성 기반 추정
77,trl,https://github.com/furiosa-ai/trl,LLM 추론·압축·평가,LLM 추론/평가/압축 관련 저장소,대형언어모델을 Furiosa NPU 또는 비교 환경에서 실행·최적화·평가하기 위한 기반 확보,Python,LLM; inference; serving; quantization; benchmark,저장소명·일반 upstream 특성 기반 추정
78,efficientdet-pytorch,https://github.com/furiosa-ai/efficientdet-pytorch,비전·응용 데모·RAG,EfficientDet PyTorch fork,PyTorch 기반 객체탐지 모델 검증,Python,computer-vision; object-detection; demo; application,GitHub 목록/설명 확인
79,llmperf,https://github.com/furiosa-ai/llmperf,LLM 추론·압축·평가,LLM serving performance tool,LLM serving 지연시간·처리량 벤치마크,Python,LLM; inference; serving; quantization; benchmark,GitHub 목록/설명 확인
80,VLMEvalKit,https://github.com/furiosa-ai/VLMEvalKit,LLM 추론·압축·평가,Large multimodal model evaluation toolkit,멀티모달 모델 벤치마크와 평가 파이프라인 검토,Python,LLM; inference; serving; quantization; benchmark,GitHub 목록/설명 확인
81,highs-sys,https://github.com/furiosa-ai/highs-sys,시스템 라이브러리·Rust/C/C++ 의존성,시스템 라이브러리·저수준 의존성,"컴파일러, 런타임, 바인딩, 성능 측정, 디버깅에 필요한 기반 라이브러리 수정·검증",Rust,Rust; systems; binding; performance; low-level,저장소명·일반 upstream 특성 기반 추정
82,rdma-sys,https://github.com/furiosa-ai/rdma-sys,시스템 라이브러리·Rust/C/C++ 의존성,시스템 라이브러리·저수준 의존성,"컴파일러, 런타임, 바인딩, 성능 측정, 디버깅에 필요한 기반 라이브러리 수정·검증",Rust,Rust; systems; binding; performance; low-level; rdma,저장소명·일반 upstream 특성 기반 추정
83,chisel3,https://github.com/furiosa-ai/chisel3,하드웨어 설계·검증,Chisel hardware construction language fork,하드웨어 설계 RTL 생성·검증 기반 확보,Scala,hardware-verification; RISC-V; DV; coverage; simulation,GitHub 목록/설명 확인
84,docs,https://github.com/furiosa-ai/docs,Furiosa 공식 SDK·운영 도구,Rendered Documentation of FuriosaAI SDK,SDK와 개발자 문서를 정적 사이트 형태로 배포,HTML,FuriosaAI; NPU; SDK; RNGD/Warboy,GitHub 목록/설명 확인
85,panoptic-deeplab,https://github.com/furiosa-ai/panoptic-deeplab,비전·응용 데모·RAG,Panoptic-DeepLab fork,panoptic segmentation 모델 검증,Python,computer-vision; object-detection; demo; application,GitHub 목록/설명 확인
86,LongBench,https://github.com/furiosa-ai/LongBench,LLM 추론·압축·평가,Long-context benchmark fork,장문 컨텍스트 LLM 평가,Python,LLM; inference; serving; quantization; benchmark,GitHub 목록/설명 확인
87,ciborium,https://github.com/furiosa-ai/ciborium,시스템 라이브러리·Rust/C/C++ 의존성,시스템 라이브러리·저수준 의존성,"컴파일러, 런타임, 바인딩, 성능 측정, 디버깅에 필요한 기반 라이브러리 수정·검증",Rust,Rust; systems; binding; performance; low-level,저장소명·일반 upstream 특성 기반 추정
88,EDSR-PyTorch,https://github.com/furiosa-ai/EDSR-PyTorch,비전·응용 데모·RAG,EDSR super-resolution fork,초해상도 모델 실행·성능 검증,Python,computer-vision; object-detection; demo; application,GitHub 목록/설명 확인
89,power-dev,https://github.com/furiosa-ai/power-dev,Furiosa 공식 SDK·운영 도구,Furiosa NPU 공식 구성요소,Furiosa NPU 소프트웨어 스택의 개발·배포·운영 지원,Shell,FuriosaAI; NPU; SDK; RNGD/Warboy,저장소명·일반 upstream 특성 기반 추정
90,libbpf-sys,https://github.com/furiosa-ai/libbpf-sys,시스템 라이브러리·Rust/C/C++ 의존성,시스템 라이브러리·저수준 의존성,"컴파일러, 런타임, 바인딩, 성능 측정, 디버깅에 필요한 기반 라이브러리 수정·검증",Rust,Rust; systems; binding; performance; low-level,저장소명·일반 upstream 특성 기반 추정
91,claude-squad-rs,https://github.com/furiosa-ai/claude-squad-rs,시스템 라이브러리·Rust/C/C++ 의존성,시스템 라이브러리·저수준 의존성,"컴파일러, 런타임, 바인딩, 성능 측정, 디버깅에 필요한 기반 라이브러리 수정·검증",Rust,Rust; systems; binding; performance; low-level,저장소명·일반 upstream 특성 기반 추정
92,project-template,https://github.com/furiosa-ai/project-template,기타·확인 필요,확인 필요,저장소명만으로 용도 식별이 제한되어 README 확인 필요,Mixed,,저장소명·일반 upstream 특성 기반 추정
93,furiosa-schedule-viewer,https://github.com/furiosa-ai/furiosa-schedule-viewer,Furiosa 공식 SDK·운영 도구,스케줄 시각화 도구,NPU 작업 스케줄·실행 타임라인을 분석하고 디버깅,Rust,FuriosaAI; NPU; SDK; RNGD/Warboy,GitHub 목록/설명 확인
94,synstructure,https://github.com/furiosa-ai/synstructure,시스템 라이브러리·Rust/C/C++ 의존성,시스템 라이브러리·저수준 의존성,"컴파일러, 런타임, 바인딩, 성능 측정, 디버깅에 필요한 기반 라이브러리 수정·검증",Rust,Rust; systems; binding; performance; low-level,저장소명·일반 upstream 특성 기반 추정
95,tensorflow,https://github.com/furiosa-ai/tensorflow,AI 런타임·프레임워크 연동,AI 프레임워크/런타임 연동,"ONNX, TensorFlow, PyTorch, MLIR 등 주요 AI 생태계와 NPU 컴파일·런타임 경로 연결",C++,runtime; compiler; ONNX; PyTorch/TensorFlow; MLIR,저장소명·일반 upstream 특성 기반 추정
96,mlflow,https://github.com/furiosa-ai/mlflow,AI 런타임·프레임워크 연동,AI 프레임워크/런타임 연동,"ONNX, TensorFlow, PyTorch, MLIR 등 주요 AI 생태계와 NPU 컴파일·런타임 경로 연결",Python,runtime; compiler; ONNX; PyTorch/TensorFlow; MLIR,저장소명·일반 upstream 특성 기반 추정
97,pyucis,https://github.com/furiosa-ai/pyucis,하드웨어 설계·검증,Python UCIS library,검증 coverage 데이터 교환·분석 지원,Python,hardware-verification; RISC-V; DV; coverage; simulation,GitHub 목록/설명 확인
98,protobuf-gen,https://github.com/furiosa-ai/protobuf-gen,하드웨어 설계·검증,하드웨어 설계·검증 도구,"NPU/SoC 설계 검증, 시뮬레이션, coverage, RISC-V 관련 검증 인프라 확보",Rust,hardware-verification; RISC-V; DV; coverage; simulation,저장소명·일반 upstream 특성 기반 추정
99,detectron2,https://github.com/furiosa-ai/detectron2,비전·응용 데모·RAG,Detectron2 fork,객체탐지/세그멘테이션 프레임워크 검증,Python,computer-vision; object-detection; demo; application,GitHub 목록/설명 확인
100,highs,https://github.com/furiosa-ai/highs,시스템 라이브러리·Rust/C/C++ 의존성,시스템 라이브러리·저수준 의존성,"컴파일러, 런타임, 바인딩, 성능 측정, 디버깅에 필요한 기반 라이브러리 수정·검증",C++,Rust; systems; binding; performance; low-level,저장소명·일반 upstream 특성 기반 추정
101,ironic,https://github.com/furiosa-ai/ironic,기타·확인 필요,확인 필요,저장소명만으로 용도 식별이 제한되어 README 확인 필요,Python,,저장소명·일반 upstream 특성 기반 추정
102,backtrace-rs,https://github.com/furiosa-ai/backtrace-rs,시스템 라이브러리·Rust/C/C++ 의존성,시스템 라이브러리·저수준 의존성,"컴파일러, 런타임, 바인딩, 성능 측정, 디버깅에 필요한 기반 라이브러리 수정·검증",Rust,Rust; systems; binding; performance; low-level,저장소명·일반 upstream 특성 기반 추정
103,libbpf,https://github.com/furiosa-ai/libbpf,시스템 라이브러리·Rust/C/C++ 의존성,시스템 라이브러리·저수준 의존성,"컴파일러, 런타임, 바인딩, 성능 측정, 디버깅에 필요한 기반 라이브러리 수정·검증",C,Rust; systems; binding; performance; low-level,저장소명·일반 upstream 특성 기반 추정
104,shippie,https://github.com/furiosa-ai/shippie,클라우드·Kubernetes·운영 인프라,클라우드 운영 인프라,"Kubernetes, Tekton, 모니터링, 배포 자동화를 통해 NPU 서비스를 운영",Go,Kubernetes; DevOps; observability; deployment; cluster,저장소명·일반 upstream 특성 기반 추정
105,linux-rdma-perftest,https://github.com/furiosa-ai/linux-rdma-perftest,시스템 라이브러리·Rust/C/C++ 의존성,시스템 라이브러리·저수준 의존성,"컴파일러, 런타임, 바인딩, 성능 측정, 디버깅에 필요한 기반 라이브러리 수정·검증",C,Rust; systems; binding; performance; low-level; rdma,저장소명·일반 upstream 특성 기반 추정
106,gpt-oss,https://github.com/furiosa-ai/gpt-oss,LLM 추론·압축·평가,LLM 추론/평가/압축 관련 저장소,대형언어모델을 Furiosa NPU 또는 비교 환경에서 실행·최적화·평가하기 위한 기반 확보,Python,LLM; inference; serving; quantization; benchmark,저장소명·일반 upstream 특성 기반 추정
107,opaque_typedef,https://github.com/furiosa-ai/opaque_typedef,기타·확인 필요,확인 필요,저장소명만으로 용도 식별이 제한되어 README 확인 필요,Rust,,저장소명·일반 upstream 특성 기반 추정
108,tracing,https://github.com/furiosa-ai/tracing,시스템 라이브러리·Rust/C/C++ 의존성,시스템 라이브러리·저수준 의존성,"컴파일러, 런타임, 바인딩, 성능 측정, 디버깅에 필요한 기반 라이브러리 수정·검증",Rust,Rust; systems; binding; performance; low-level,저장소명·일반 upstream 특성 기반 추정
109,pyo3-asyncio,https://github.com/furiosa-ai/pyo3-asyncio,기타·확인 필요,확인 필요,저장소명만으로 용도 식별이 제한되어 README 확인 필요,Rust,,저장소명·일반 upstream 특성 기반 추정
110,chipyard,https://github.com/furiosa-ai/chipyard,하드웨어 설계·검증,Chipyard fork,RISC-V SoC/accelerator 설계·검증 환경 구성,Scala,hardware-verification; RISC-V; DV; coverage; simulation,GitHub 목록/설명 확인
111,kvmd,https://github.com/furiosa-ai/kvmd,클라우드·Kubernetes·운영 인프라,클라우드 운영 인프라,"Kubernetes, Tekton, 모니터링, 배포 자동화를 통해 NPU 서비스를 운영",Python,Kubernetes; DevOps; observability; deployment; cluster,저장소명·일반 upstream 특성 기반 추정
112,optimum,https://github.com/furiosa-ai/optimum,LLM 추론·압축·평가,Hugging Face Optimum fork,모델 최적화·배포 경로를 Furiosa 환경에 맞게 검토,Python,LLM; inference; serving; quantization; benchmark,GitHub 목록/설명 확인
113,llama2,https://github.com/furiosa-ai/llama2,LLM 추론·압축·평가,LLM 추론/평가/압축 관련 저장소,대형언어모델을 Furiosa NPU 또는 비교 환경에서 실행·최적화·평가하기 위한 기반 확보,Python,LLM; inference; serving; quantization; benchmark; llama,저장소명·일반 upstream 특성 기반 추정
114,fio,https://github.com/furiosa-ai/fio,기타·확인 필요,확인 필요,저장소명만으로 용도 식별이 제한되어 README 확인 필요,C,,저장소명·일반 upstream 특성 기반 추정
115,onnx,https://github.com/furiosa-ai/onnx,AI 런타임·프레임워크 연동,ONNX fork,모델 교환 포맷과 컴파일러/런타임 호환성 검증,C++,runtime; compiler; ONNX; PyTorch/TensorFlow; MLIR; onnx,GitHub 목록/설명 확인
116,inference,https://github.com/furiosa-ai/inference,LLM 추론·압축·평가,LLM 추론/평가/압축 관련 저장소,대형언어모델을 Furiosa NPU 또는 비교 환경에서 실행·최적화·평가하기 위한 기반 확보,Python,LLM; inference; serving; quantization; benchmark,저장소명·일반 upstream 특성 기반 추정
117,xgrammar-rs,https://github.com/furiosa-ai/xgrammar-rs,시스템 라이브러리·Rust/C/C++ 의존성,시스템 라이브러리·저수준 의존성,"컴파일러, 런타임, 바인딩, 성능 측정, 디버깅에 필요한 기반 라이브러리 수정·검증",Rust,Rust; systems; binding; performance; low-level,GitHub 목록/설명 확인
118,transformers_llama3,https://github.com/furiosa-ai/transformers_llama3,LLM 추론·압축·평가,LLM 추론/평가/압축 관련 저장소,대형언어모델을 Furiosa NPU 또는 비교 환경에서 실행·최적화·평가하기 위한 기반 확보,Python,LLM; inference; serving; quantization; benchmark; llama,저장소명·일반 upstream 특성 기반 추정
119,nanoclaw,https://github.com/furiosa-ai/nanoclaw,기타·확인 필요,확인 필요,저장소명만으로 용도 식별이 제한되어 README 확인 필요,Python,,저장소명·일반 upstream 특성 기반 추정
120,K-EXAONE-quantization-public,https://github.com/furiosa-ai/K-EXAONE-quantization-public,기타·확인 필요,확인 필요,저장소명만으로 용도 식별이 제한되어 README 확인 필요,Python,,GitHub 목록/설명 확인
121,heaptrack,https://github.com/furiosa-ai/heaptrack,기타·확인 필요,확인 필요,저장소명만으로 용도 식별이 제한되어 README 확인 필요,C++,,저장소명·일반 upstream 특성 기반 추정
122,rust,https://github.com/furiosa-ai/rust,시스템 라이브러리·Rust/C/C++ 의존성,시스템 라이브러리·저수준 의존성,"컴파일러, 런타임, 바인딩, 성능 측정, 디버깅에 필요한 기반 라이브러리 수정·검증",Rust,Rust; systems; binding; performance; low-level,저장소명·일반 upstream 특성 기반 추정
123,transformers-compression-part,https://github.com/furiosa-ai/transformers-compression-part,LLM 추론·압축·평가,LLM 추론/평가/압축 관련 저장소,대형언어모델을 Furiosa NPU 또는 비교 환경에서 실행·최적화·평가하기 위한 기반 확보,Python,LLM; inference; serving; quantization; benchmark,저장소명·일반 upstream 특성 기반 추정
124,tracing-chrometrace,https://github.com/furiosa-ai/tracing-chrometrace,시스템 라이브러리·Rust/C/C++ 의존성,시스템 라이브러리·저수준 의존성,"컴파일러, 런타임, 바인딩, 성능 측정, 디버깅에 필요한 기반 라이브러리 수정·검증",Rust,Rust; systems; binding; performance; low-level,저장소명·일반 upstream 특성 기반 추정
125,good_lp,https://github.com/furiosa-ai/good_lp,시스템 라이브러리·Rust/C/C++ 의존성,시스템 라이브러리·저수준 의존성,"컴파일러, 런타임, 바인딩, 성능 측정, 디버깅에 필요한 기반 라이브러리 수정·검증",Rust,Rust; systems; binding; performance; low-level,저장소명·일반 upstream 특성 기반 추정
126,furiosa-metadata,https://github.com/furiosa-ai/furiosa-metadata,Furiosa 공식 SDK·운영 도구,Furiosa 메타데이터 관리,모델·장치·런타임 관련 메타데이터 구조를 관리,Rust,FuriosaAI; NPU; SDK; RNGD/Warboy,저장소명·일반 upstream 특성 기반 추정
127,production-stack,https://github.com/furiosa-ai/production-stack,Furiosa 공식 SDK·운영 도구,Furiosa NPU 공식 구성요소,Furiosa NPU 소프트웨어 스택의 개발·배포·운영 지원,YAML/Shell,FuriosaAI; NPU; SDK; RNGD/Warboy,저장소명·일반 upstream 특성 기반 추정
128,riscv-dv,https://github.com/furiosa-ai/riscv-dv,하드웨어 설계·검증,RISC-V directed/random verification,RISC-V DV 테스트 생성과 검증 자동화,SystemVerilog,hardware-verification; RISC-V; DV; coverage; simulation; riscv,GitHub 목록/설명 확인
129,netron,https://github.com/furiosa-ai/netron,기타·확인 필요,Model graph viewer fork,모델 구조 시각화와 디버깅 도구 확보,TypeScript,,GitHub 목록/설명 확인
130,csmith,https://github.com/furiosa-ai/csmith,하드웨어 설계·검증,C random program generator fork,컴파일러/런타임 검증용 랜덤 C 프로그램 생성,C,hardware-verification; RISC-V; DV; coverage; simulation,GitHub 목록/설명 확인
131,evalplus,https://github.com/furiosa-ai/evalplus,LLM 추론·압축·평가,Code LLM evaluation fork,코딩 모델 평가와 품질 검증,Python,LLM; inference; serving; quantization; benchmark,GitHub 목록/설명 확인
132,hf-hub,https://github.com/furiosa-ai/hf-hub,시스템 라이브러리·Rust/C/C++ 의존성,시스템 라이브러리·저수준 의존성,"컴파일러, 런타임, 바인딩, 성능 측정, 디버깅에 필요한 기반 라이브러리 수정·검증",Rust,Rust; systems; binding; performance; low-level,GitHub 목록/설명 확인
133,tekton-dashboard,https://github.com/furiosa-ai/tekton-dashboard,클라우드·Kubernetes·운영 인프라,클라우드 운영 인프라,"Kubernetes, Tekton, 모니터링, 배포 자동화를 통해 NPU 서비스를 운영",TypeScript,Kubernetes; DevOps; observability; deployment; cluster; tekton,저장소명·일반 upstream 특성 기반 추정
134,cudarc,https://github.com/furiosa-ai/cudarc,시스템 라이브러리·Rust/C/C++ 의존성,시스템 라이브러리·저수준 의존성,"컴파일러, 런타임, 바인딩, 성능 측정, 디버깅에 필요한 기반 라이브러리 수정·검증",Rust,Rust; systems; binding; performance; low-level; cuda,저장소명·일반 upstream 특성 기반 추정
135,libbpf-rs,https://github.com/furiosa-ai/libbpf-rs,시스템 라이브러리·Rust/C/C++ 의존성,시스템 라이브러리·저수준 의존성,"컴파일러, 런타임, 바인딩, 성능 측정, 디버깅에 필요한 기반 라이브러리 수정·검증",Rust,Rust; systems; binding; performance; low-level,저장소명·일반 upstream 특성 기반 추정
136,furiosa-metrics-exporter,https://github.com/furiosa-ai/furiosa-metrics-exporter,Furiosa 공식 SDK·운영 도구,NPU metrics exporter,운영 관측성을 위한 NPU 성능·상태 지표를 수집·노출,Go,FuriosaAI; NPU; SDK; RNGD/Warboy; metrics,GitHub 목록/설명 확인
137,FasterTransformer,https://github.com/furiosa-ai/FasterTransformer,LLM 추론·압축·평가,Transformer inference engine fork,고성능 Transformer 추론 엔진 비교·참조,C++,LLM; inference; serving; quantization; benchmark,GitHub 목록/설명 확인
138,llama,https://github.com/furiosa-ai/llama,LLM 추론·압축·평가,LLM 추론/평가/압축 관련 저장소,대형언어모델을 Furiosa NPU 또는 비교 환경에서 실행·최적화·평가하기 위한 기반 확보,Python,LLM; inference; serving; quantization; benchmark; llama,저장소명·일반 upstream 특성 기반 추정
139,git-sync-maestro,https://github.com/furiosa-ai/git-sync-maestro,클라우드·Kubernetes·운영 인프라,클라우드 운영 인프라,"Kubernetes, Tekton, 모니터링, 배포 자동화를 통해 NPU 서비스를 운영",Go,Kubernetes; DevOps; observability; deployment; cluster,저장소명·일반 upstream 특성 기반 추정
140,rocket-chip-dv-team,https://github.com/furiosa-ai/rocket-chip-dv-team,하드웨어 설계·검증,Rocket Chip DV fork,Rocket Chip 기반 설계 검증 환경 구성,Scala/SystemVerilog,hardware-verification; RISC-V; DV; coverage; simulation,GitHub 목록/설명 확인
141,proptest,https://github.com/furiosa-ai/proptest,시스템 라이브러리·Rust/C/C++ 의존성,시스템 라이브러리·저수준 의존성,"컴파일러, 런타임, 바인딩, 성능 측정, 디버깅에 필요한 기반 라이브러리 수정·검증",Rust,Rust; systems; binding; performance; low-level,저장소명·일반 upstream 특성 기반 추정
142,rusty-fork,https://github.com/furiosa-ai/rusty-fork,시스템 라이브러리·Rust/C/C++ 의존성,시스템 라이브러리·저수준 의존성,"컴파일러, 런타임, 바인딩, 성능 측정, 디버깅에 필요한 기반 라이브러리 수정·검증",Rust,Rust; systems; binding; performance; low-level,저장소명·일반 upstream 특성 기반 추정
143,compressed-tensors-compression-part,https://github.com/furiosa-ai/compressed-tensors-compression-part,LLM 추론·압축·평가,Compressed tensors fork,희소·양자화 tensor 저장과 배포 최적화 지원,Python,LLM; inference; serving; quantization; benchmark,GitHub 목록/설명 확인
144,kubectl-view-rngd,https://github.com/furiosa-ai/kubectl-view-rngd,기타·확인 필요,kubectl RNGD view plugin,RNGD/NPU 클러스터 상태를 kubectl에서 가시화,Rust,,GitHub 목록/설명 확인
145,optimum-furiosa,https://github.com/furiosa-ai/optimum-furiosa,LLM 추론·압축·평가,Optimum integration for Furiosa,Hugging Face Optimum 생태계와 Furiosa NPU 연동,Python,FuriosaAI; NPU; SDK; RNGD/Warboy; LLM; inference; serving; quantization,GitHub 목록/설명 확인
146,matrixmultiply,https://github.com/furiosa-ai/matrixmultiply,시스템 라이브러리·Rust/C/C++ 의존성,시스템 라이브러리·저수준 의존성,"컴파일러, 런타임, 바인딩, 성능 측정, 디버깅에 필요한 기반 라이브러리 수정·검증",Rust,Rust; systems; binding; performance; low-level,저장소명·일반 upstream 특성 기반 추정
147,LiveBench,https://github.com/furiosa-ai/LiveBench,LLM 추론·압축·평가,LLM benchmark fork,최신 LLM 평가 벤치마크 수행,Python,LLM; inference; serving; quantization; benchmark,GitHub 목록/설명 확인
148,Qwen3-Embedding,https://github.com/furiosa-ai/Qwen3-Embedding,LLM 추론·압축·평가,Qwen3 Embedding fork,임베딩 모델 성능·호환성 검증,Python,LLM; inference; serving; quantization; benchmark; qwen; embedding,GitHub 목록/설명 확인
149,e2b-infra,https://github.com/furiosa-ai/e2b-infra,클라우드·Kubernetes·운영 인프라,클라우드 운영 인프라,"Kubernetes, Tekton, 모니터링, 배포 자동화를 통해 NPU 서비스를 운영",Go,Kubernetes; DevOps; observability; deployment; cluster,GitHub 목록/설명 확인
150,SSD.TensorFlow,https://github.com/furiosa-ai/SSD.TensorFlow,비전·응용 데모·RAG,SSD TensorFlow fork,TensorFlow 기반 객체탐지 모델 검증,Python,computer-vision; object-detection; demo; application,GitHub 목록/설명 확인
151,error-chain,https://github.com/furiosa-ai/error-chain,시스템 라이브러리·Rust/C/C++ 의존성,시스템 라이브러리·저수준 의존성,"컴파일러, 런타임, 바인딩, 성능 측정, 디버깅에 필요한 기반 라이브러리 수정·검증",Rust,Rust; systems; binding; performance; low-level,저장소명·일반 upstream 특성 기반 추정
152,wheel_repairer,https://github.com/furiosa-ai/wheel_repairer,기타·확인 필요,확인 필요,저장소명만으로 용도 식별이 제한되어 README 확인 필요,Python,,저장소명·일반 upstream 특성 기반 추정
153,tektoncd-actions,https://github.com/furiosa-ai/tektoncd-actions,클라우드·Kubernetes·운영 인프라,클라우드 운영 인프라,"Kubernetes, Tekton, 모니터링, 배포 자동화를 통해 NPU 서비스를 운영",TypeScript,Kubernetes; DevOps; observability; deployment; cluster; tekton,저장소명·일반 upstream 특성 기반 추정
154,sglang,https://github.com/furiosa-ai/sglang,LLM 추론·압축·평가,SGLang fork,LLM serving 런타임과 agentic serving 경로 검증,Python,LLM; inference; serving; quantization; benchmark,GitHub 목록/설명 확인
155,krew-index,https://github.com/furiosa-ai/krew-index,Furiosa 공식 SDK·운영 도구,kubectl plugin index,kubectl 플러그인 배포·설치 경로 제공,YAML,FuriosaAI; NPU; SDK; RNGD/Warboy,GitHub 목록/설명 확인
156,K-EXAONE-evaluation-public,https://github.com/furiosa-ai/K-EXAONE-evaluation-public,기타·확인 필요,확인 필요,저장소명만으로 용도 식별이 제한되어 README 확인 필요,Python,,GitHub 목록/설명 확인
